الاسم,السعر النهائي,الماركة,الجنس,نوع المنتج,شخصية عطرك,العائلة العطرية,الحجم,سنة الإصدار,نسبة التركيز,مقدمة العطر,قلب العطر,قاعدة العطر,المكونات,منطقة الاستخدام,ملمس,نوع البشرة,المكونات الرئيسية
فرزاتشي كريستال نوار برفيوم,662,فرزاتشي,نسائي,عطور,جذابة,زهرية شرقية,90مل,2004,برفيوم مركز,الفلفل، الزنجبيل، الهيل,جوز الهند، الجاردينيا، زهور البرتقال، الفاونيا,أخشاب الصندل، المسك، العنبر,,,,,
فريدريك مالي أو دو ماجنوليا أو دو تواليت,1570,فريدريك مال,رجالي/نسائي,عطور,ديناميكية,حمضية,100 مل,2014,أو دو تواليت,الليمون، الأوراق الخضراء، برجموت كالابريا,كالوني، الياسمين، الباتشولي، نجيل الهند، الماجنوليا,العنبر، أخشاب الأرز، الطحالب,,,,,
مونت بلانك باتشولي إنك دارك وودز أو دو برفيوم,760,مونت بلانك,رجالي,عطور,محبة للطبيعة,خشبية,125 مل,2024,أو دو برفيوم,البرجموت,الحبر,الفانيليا، الباتشولي,,,,,
جفنشي لانترديت أبسولو أو دو برفيوم إنتنس,768,جفنشي,نسائي,عطور,جذابة,زهرية شرقية,80 مل,2020,أو دو برفيوم انتنس,اللافندر، النيرولي، الهيل الجواتيمالي,زهور البرتقال، ياسمين سمباك، مسك الروم الهندي,الباتشولي، نجيل الهند، الرم، التبغ,,,,,
دكتور فرانجيس فيرنزيه روسو نوبل مجموعة هدايا - (ناشر العطر 250 مل + شمعة عطرية 80 جم),430,دكتور فرانجيس فيرنزيه,,مجموعة عطور منزلية,,زهرية شرقية,,,,,,,البرتقال، زهور البرتقال، البنفسج، الفراولة، التوت البري، أخشاب الباتولا، البلوط.,,,,
الماجد للعود كوير أو دو برفيوم,149,الماجد للعود,رجالي/نسائي,عطور,جذابة,شرقية ناعمة,150 مل,,أو دو برفيوم,الأناناس، البرغموت,البخور,الباتشولي، عود اونكس دي ال,,,,,
توم فورد بلاك لاكر أو دو برفيوم,1875,توم فورد,رجالي/نسائي,عطور,محبة للطبيعة,خشبية,50 مل,2024,أو دو برفيوم,الفلفل الأسود، الفينيل، الحبر، الرم,المشمش، الفاونيا، إيلمي، أخشاب الأبنوس,اللبان,,,,,
ميموريز أوف وينتر مجموعة أو دو برفيوم باي مينيز - 3x30 مل,99,مينيز,نسائي,مجموعة عطور,,,3 * 30 مل,2024,أو دو برفيوم,,,,,,,,
ميمو باريس مادوري أو دو برفيوم,1300,ميمو باريس,رجالي/نسائي,عطور,حسية,زهرية,75 مل,2022,أو دو برفيوم,,,,جلد السويدي، الكركم، المريمة، مسك الروم الهندي، أخشاب الصندل الاسترالي، القطيفة، الخوخ، الياسمين المصري، الياسمين الهندي، ياسمين سمباك، البرجموت الصقيلي.,,,,
لا بونير بلاك كافالير VI برفيوم,108,لا بونير,رجالي/نسائي,عطور,حسية,زهرية,100 مل,,برفيوم مركز,"Bergamot, Ginger",Violet,"Cedarwood, Sandalwood, Patchouli",,,,,
جنيد للعطور بريئة أو دو برفيوم,120,جنيد للعطور,نسائي,عطور,حسية,زهرية,100 مل,,أو دو برفيوم,اللافندر,الزهور البيضاء,الفانيليا، أخشاب الصندل,,,,,
عطور هولوفيرا عود مروكي فاخر بخور - 28 جم,100,عطور هولوفيرا,,بخور,,عود,28 جم,,,,,,عود كلمنتان,,,,
شانيل الور هوم سبورت سوبرليجيرا أو دو برفيوم,728,شانيل,رجالي,عطور,ديناميكية,حمضية,100 مل,2024,أو دو برفيوم,الجريب فروت، الماندرين، الحمضيات,أخشاب الأرز، الأخشاب الثمينة,أخشاب الصندل، الباتشولي، العنبر، المسك الأبيض,,,,,
سنت3 R3 جهاز تعطير,249,سنت3,,موزع للرائحة إلكتروني,,,,,,,,,,,,,
رابان مليون جولد قابلة لإعادة التعبئة أو دو برفيوم,565,رابان,نسائي,عطور,حسية,زهرية,50 مل,2024,أو دو برفيوم,,,,الورد، المسك، الزهور البيضاء,,,,
برادا برادوكس فيرتوال فلاور أو دو برفيوم,569,برادا,نسائي,عطور,حسية,زهرية,50 مل,2024,أو دو برفيوم,البرجموت,النيرولي، الياسمين,أمبريت، المسك,,,,,
كلينك أروماتيكس مجموعة هدايا (أو دو برفيوم 45 مل + بلسم للجسم 75 مل + جل فوم للجسم 75 مل),512,كلينك,نسائي,مجموعة عطور,جذابة,زهرية شرقية,,1971,,البرجموت، أخشاب الورد البرازيلية، لويزة الليمون، إبرة الراعي، الكسبرة، المريمية، الألدهيدات، البابونج,زهور البرتقال، مسك الروم، الياسمين، جذور السوسن، الإيلنغ، الورد، القرنفل,المسك، أخشاب الصندل، نجيل الهند، البخور، الباتشولي، طحلب البلوط,,,,,
هيرمس بارينيا أو دو برفيوم,570,هيرمس,نسائي,عطور,جذابة,زهرية شرقية,50 مل,2004,أو دو برفيوم,البرجموت، التوت المعجزة,زئبق الزنجبيل الأبيض,البلوط، الباتشولي، أخشاب أكيجالا,,,,,
أمواج أوبس V وودز سيمفوني أو دو برفيوم,1450,أمواج,رجالي/نسائي,عطور,محبة للطبيعة,خشبية,100 مل,2011,أو دو برفيوم,الرم، جذور السوسن,الياسمين، الورد، جذور السوسن,الزباد، الأخشاب الجافة، العود,,,,,
بربري جوديس أو دو برفيوم,745,بربري,نسائي,عطور,جذابة,شرقية,100 مل,2023,أو دو برفيوم,الزنجبيل، الكاكاو، اللافندر، الفانيليا,الكافيار، الفانيليا,الفانيليا المطلقة,,,,,
هند العود مسائي أو دو برفيوم,760,هند العود,رجالي/نسائي,عطور,جذابة,شرقية,50 مل,2017,أو دو برفيوم,,,,كشميران، جوزة الطيب، البنفسج.,,,,
اف سان لوران ماي سيلف لا برفيوم,575,اف سان لوران,رجالي,عطور,محبة للطبيعة,شرقية خشبية,60 مل,2024,برفيوم مركز,الفلفل الأسود,زهور البرتقال,الأخشاب، العنبر، بربون، الفانيليا، الباتشولي,,,,,
رابان مليون جولد أو دو برفيوم إنتنس,445,رابان,رجالي,عطور,محبة للطبيعة,شرقية خشبية,50 مل,2024,أو دو برفيوم انتنس,,,,أخشاب الأرز، أخشاب الصندل، التوابل، الماندرين,,,,
عطور كوانتنس ريد ماسكد برفيوم,399,عطور كوانتنس,رجالي/نسائي,عطور,جذابة,شرقية,100 مل,,برفيوم مركز,البرجموت، الفلفل الوردي,أخشاب الغاياك، الياسمين,العنبر، المسك، الفانيليا,,,,,
هند العود براري أو دو برفيوم,745,هند العود,رجالي/نسائي,عطور,جذابة,زهرية شرقية,50 مل,,أو دو برفيوم,,,,الزنجبيل، الورد، العود,,,,
أربينيا بيبي روزا عطر للشعر والجسم - 100 مل,249,أربينيا,رجالي/نسائي,عطر للشعر والجسم,جذابة,زهرية شرقية,,,,اليوسفي، الليمون الإيطالي,أوراق البنفسج، الورد البلغاري,المسك، الباتشولي، فانيليا مدغشقر، العنبر,,,,,
ديور نيو لوك أو دو برفيوم,1547,ديور,رجالي/نسائي,عطور,جذابة,شرقية,125 مل,2024,أو دو برفيوم,الألدهيدات,البخور,العنبر,,,,,
نارسيسو رودريغز أول أوف مي أو دو برفيوم إنتنس,399,نارسيسو رودريغز,نسائي,عطور,جذابة,زهرية شرقية,30 مل,2024,أو دو برفيوم انتنس,ياسمين سمباك، السوسن الأسود,مسك الروم، إبرة الراعي الوردية، الورد,أخشاب الصندل الاسترالي، الفانيليا، المسك,,,,,
الدخيل للعود أورينتاليز بودر أو دو برفيوم,138,الدخيل للعود,رجالي/نسائي,عطور,كلاسيكية,جلدية,50 مل,,أو دو برفيوم,الهيل، الفلفل الأسود، البرجموت,الورد، الزنبق، حجر الدم,الأخشاب، المسك، الجلود,,,,,
بارفيوم دو مارلي فالايا عطر للشعر,322,بارفيوم دو مارلي,نسائي,عطر للشعر,حسية,زهرية,75 مل,2023,,الماندرين البرتقالي، البرجموت، الخوخ الأبيض، الألدهيدات,ماهونيا، نيميفيل، نجيل الهند، زنبق الوادي، بيتاليا، زهور البرتقال,الفانيليا، أخشاب أكياجالا، أمبروكسان، المسك,,,,,
كيليان سموكين هوت أو دو برفيوم,1205,كيليان,رجالي/نسائي,عطور,جذابة,شرقية,50 مل,2023,أو دو برفيوم,الدخان، القرفة، التفاح الأخضر,الطحالب، الفانيليا، التبغ,المريمية، ايزو آي سوبر، عرق السوس، أوركاننوكس، بربون الفانيليا,,,,,
فرزاتشي برايت كريستال برفيوم,662,فرزاتشي,نسائي,عطور,حسية,زهرية,90مل,2006,برفيوم مركز,اليوزو، الرمان، الثلج,الفاونيا، اللوتس، الماجنوليا,المسك، أخشاب الماهوجني، العنبر,,,,,
ماء الذهب فور إيفر يونج أو دو برفيوم,150,ماء الذهب,نسائي,عطور,حسية,زهرية,75 مل,,أو دو برفيوم,زهور الماندرين، البرتقال، الكيوي,الأوركيد، الفريزيا، الفاونيا، الورد,المسك، أخشاب الأبانوس، الفانيليا، أخشاب الصندل,,,,,
هند العود شيخ أ بخور - 250 جم,1060,هند العود,,بخور,,شرقية,250 جم,,,,,,التوابل، العود، العنبر,,,,
كايالي فانيلا 28 أو دو برفيوم,139,كايالي,رجالي/نسائي,عطور,جذابة,شرقية,10 مل,2018,أو دو برفيوم,أوركيد الفانيليا، الياسمين,حبوب التونكا، السكر البني,الباتشولي، المسك، أخشاب العنبر، العنبر,,,,,
قوس سهم برفيوم,235,قوس,رجالي/نسائي,عطور,جذابة,زهرية شرقية,50 مل,,برفيوم مركز,,,,أوراق البنفسج، أوكالبتيوس، الورد البلغاري، المسك، العنبر.,,,,
إيبوك جيتار أو دو برفيوم,290,إيبوك,رجالي/نسائي,عطور,حسية,زهرية شرقية,80 مل,,أو دو برفيوم,البرجموت، الرمان، الليتشي,الورد التركي، البخور، المسك,أخشاب الكشمير، أخشاب الأرز، العنبر، الفانيليا,,,,,
إستي لودر وايت لينين ليجاسي أو دو برفيوم,1100,إستي لودر,رجالي/نسائي,عطور,جذابة,زهرية شرقية,100 مل,2024,أو دو برفيوم,الألدهيدات,الورد، الياسمين,العنبر، المسك، نجيل الهند، أخشاب الأرز,,,,,
لجين للجمال والعطور مستكة مبخر بخور - 50 جم,50,لجين للجمال والعطور,,بخور,,شرقية,50 جم,,,,,,,,,,
كلوي نوماد مجموعة هدايا (أو دو برفيوم 75 مل + أو دو برفيوم 20 مل),525,كلوي,نسائي,مجموعة عطور,محبة للطبيعة,خشبية,,2018,أو دو برفيوم,البرتقال، الليمون، البرجموت، ميرابل,الورد، الياسمين، الخوخ، الفريزيا,أخشاب الصندل، المسك الأبيض، أخشاب العنبر، الباتشولي، طحلب البلوط,,,,,
بارفيوم دو مارلي بالاتين أو دو برفيوم,1480,بارفيوم دو مارلي,نسائي,عطور,محبة للطبيعة,خشبية,75 مل,2024,أو دو برفيوم,البرجموت، الماندرين، الكمثرى,البنفسج,أخشاب الصندل، المسك,,,,,
ريف العطور بلوست أو دو برفيوم,269,ريف العطور,رجالي,عطور,راقية,شرقية ناعمة,200 مل,,أو دو برفيوم,الهيل,اوريس,العنبر,,,,,
قوس رمح برفيوم,215,قوس,رجالي/نسائي,عطور,جذابة,زهرية شرقية,50 مل,,برفيوم مركز,,,,العسل، القرفة، الياسمين، زهور البرتقال، الورد، العود، العنبر.,,,,
بي دي كيه سي سوير عطر للشعر,366,بي دي كيه,نسائي,عطر للشعر,حسية,زهرية,50 مل,2016,,الفلفل الأسود، الماندرين، الزنجبيل,زهور البرتقال، الياسمين المغربي، السفرجل,الباتشولي السنغافوري، العنبر، أخشاب الكشمير,,,,,
هند العود كل الوفا أو دو برفيوم,845,هند العود,رجالي/نسائي,عطور,جذابة,شرقية,50 مل,,أو دو برفيوم,,,,التوت الأزرق، الفانيليا، العود.,,,,
كريستيان بروفينزانو ماسيمو إكستريت دو برفيوم,1358,كريستيان بروفينزانو,رجالي/نسائي,عطور,جذابة,شرقية,100 مل,2023,إكستريت دو برفيوم,الزنجبيل، القرفة، الهيل، البرجموت,الفلفل الوردي، الفلفل الأسود، الفلفل الحار، الجلود,المسك، حبوب التونكا، العنبر، ستيراكس، نجيل الهند، البنزوين، اللبان، اللابدانوم، أخشاب الأرز، أخشاب الصندل,,,,,
ايسي مياكي لو ديسي أو أند ماجنوليا انتنس أو ​​دو تواليت,597,ايسى مياكى,نسائي,عطور,حسية,زهرية,100 مل,2022,أو دو تواليت,البرجموت,رذاذ الماء، الماجنوليا,أخشاب الصندل,,,,,
أنطونيو باندريس كينج أوف سيدوكشن أبسولوت أو دو تواليت,151,أنطونيو بانديراس,رجالي,عطور,كلاسيكية,جلدية,100 مل,,أو دو تواليت,اللوز الأخضر، المرارة، بوميلو، الجريب فروت,الهيل، اللافندر، مياه البحار,طحلب البلوط، نجيل الهند، الجلود,,,,,
فان كليف اند اربيلس مون لايت باتشولي لا برفيوم,910,فان كليف اند اربيلس,رجالي/نسائي,عطور,محبة للطبيعة,خشبية,75 مل,2022,برفيوم مركز,التوابل، البرجموت,الورد، البلغاري,العنبر، السويدي، الباتشولي,,,,,
جورجيو أرماني ماي واي نيكتار أو دو برفيوم قابل لإعادة التعبئة,510,جورجيو ارماني,نسائي,عطور,حسية,زهرية,50 مل,2024,أو دو برفيوم,البرجموت، زهور البرتقال، الكمثرى,أوراق البنفسج، الياسمين، مسك الروم,بربون الفانيليا، أخشاب الأرز، المسك الأبيض,,,,,
جان بول جوتييه سكاندال مجموعة هدايا (أو دو برفيوم 50 مل + لوشن للجسم 75 مل),480,جان بول غوتييه,نسائي,مجموعة عطور,حسية,زهرية,,2017,أو دو برفيوم,الماندرين، برتقال الدم الزغلول,الخوخ، الياسمين، زهور البرتقال، الجاردينيا، العسل,عرق السوس، الباتشولي، الكراميل، شمع العسل,,,,,
العربية للعود بوليت أو دو برفيوم,275,العربية للعود,رجالي/نسائي,عطور,محبة للطبيعة,خشبية,100 مل,,أو دو برفيوم,اللافندر، الماندرين المدغشقري,الزعفران، أخشاب الأرز,الجاوي، العنبر,,,,,
اف سان لوران ليبر فلاورز آند فلايمز أو دو برفيوم,599,اف سان لوران,نسائي,عطور,حسية,زهرية,50 مل,2024,أو دو برفيوم,البرجموت، اللافندر,جوز الهند، اللافندر، النخيل، الزنبق، زهور البرتقال,الفانيليا,,,,,
اف سان لوران بلاك أبيوم أوفر ريد أو دو برفيوم,765,اف سان لوران,نسائي,عطور,حسية,زهرية,90مل,,أو دو برفيوم,الكرز، الماندرين الأخضر,زهور البرتقال، الياسمين، الشاي الأسود,فانيليا مدغشقر، القهوة، أوراق الباتشولي الأندونيسي,,,,,
أجمل ريندروبس بودرة للجسم - 100 جم,23,أجمل,نسائي,بودرة للجسم,,,100 جم,,,,,,,الجسم,بودرة,جميع أنواع البشرة,
ديور سوفاج أو فورت برفيوم,800,ديور,رجالي,عطور,محبة للطبيعة,خشبية,100 مل,2024,برفيوم مركز,التوابل، راتنج إيلمي,اللافندر,الأخشاب، المسك,,,,,
قوس قوس برفيوم,245,قوس,رجالي/نسائي,عطور,جذابة,زهرية شرقية,50 مل,,برفيوم مركز,,,,توت العليق، الفلفل الوردي، الزعفران، أخشاب الأرز، الجلود، زهور السوسن، المسك، الفانيليا.,,,,
جيرلان كوير بيلوغا أو دو برفيوم,2046,جيرلان,رجالي/نسائي,عطور,كلاسيكية,جلدية,100 مل,2005,أو دو برفيوم,الألدهيدات، اليوسفي,الباتشولي، زهرة الخلود,العنبر، حجر الدم، السويدي، الفانيليا,,,,,
نارسيسو رودريغز فور هيم فيتفير مسك أو دو تواليت,527,نارسيسو رودريغز,رجالي,عطور,محبة للطبيعة,خشبية,100 مل,2024,أو دو تواليت,جوزة الطيب، الهيل، السرو,بخور اللبان، الطحالب الحمراء، اللافندر، بربون إبرة الراعي، المسك,أخشاب الأرز، الباتشولي، نجيل الهند,,,,,
فان كليف اند اربيلس إكستراوردينير مجموعة هدايا (أمبر إمبريال أو دو برفيوم 45 مل + مونلايت روز أو دو برفيوم 45 مل + مونلايت باتشولي أو دو برفيوم 45 مل),865,فان كليف اند اربيلس,رجالي/نسائي,مجموعة عطور,,,,,أو دو برفيوم,,,,,,,,
كايالي فانيلا رويال شوجرد باتشولي 64 أو دو برفيوم إنتنس,470,كايالي,رجالي/نسائي,عطور,جذابة,شرقية,50 مل,2022,أو دو برفيوم انتنس,الياسمين، أوركيد الفانيليا، الروم,الورد، الجلود، حبوب التونكا، التوابل، كريم بروليه، الفانيليا,المسك، العنبر،السكر، العود،  السكر البني، الباتشولي,,,,,
سكند تشانس فواحة,39,سكند تشانس,,موزع للرائحة,,,,,,,,,,,,,
إلجانسو فن اند شيك أو دو برفيوم,323,إلجانسو,نسائي,عطور,حيوية,فاكهية,100 مل,2024,أو دو برفيوم,الفلفل الوردي، اليوسفي، آيس كريم الكمثرى,الياسمين، زهور الباشون، المشمش، الورد,الطحالب، المسك، الباتشولي,,,,,
رامون بيجار وودي سبيريت إكستريت دو برفيوم,1116,رامون بيجار,رجالي/نسائي,عطور,محبة للطبيعة,خشبية,100 مل,2023,إكستريت دو برفيوم,البرجموت، الأعشاب الخضراء، الهيل,اللافندر، زيت سيبريول، أخشاب الصندل,حبوب التونكا، نجيل الهند، المسك,,,,,
أول الطيب عبق أو دو برفيوم,195,أول الطيب,رجالي/نسائي,عطور,جذابة,شرقية,100 مل,,أو دو برفيوم,الهيل,الجلود، الفل,العنبر، الباتشولي,,,,,
إكس نيلو أوتكاست بلو اكستريت دو برفيوم,1783,إكس نيلو,رجالي/نسائي,عطور,راقية,شرقية,100 مل,2022,إكستريت دو برفيوم,الفلفل الأسود، الزعفران,زنبق الوادي,نجيل الهند، الطحالب، أخشاب الصندل، العود، التبغ,,,,,
مونت بلانك ليجند بلو أو دو برفيوم,399,مونت بلانك,رجالي,عطور,حيوية,أروماتيك,100 مل,2024,أو دو برفيوم,اللافندر، النعناع,أخشاب الأرز، أخشاب الصندل,الطحالب، أمبروكسان,,,,,
أجمل سكيريد لوف بودرة للجسم - 100 جم,23,أجمل,نسائي,بودرة للجسم,,,100 جم,,,,,,,الجسم,بودرة,جميع أنواع البشرة,مستخلصات الزهور
هوجو بوس بوس ذا سينت إليكسر برفيوم,635,هيوجو بوس,نسائي,عطور,جذابة,زهرية شرقية,50 مل,2024,أو دو برفيوم,الفلفل الوردي,نبات بيلادونا,العنبر,,,,,
ديور ديورامور أو دو برفيوم,1499,ديور,رجالي/نسائي,عطور,حسية,زهرية ناعمة,125 مل,2018,أو دو برفيوم,البودرة,السوسن,الياسمين,,,,,
أول الطيب عنان أو دو برفيوم,189,أول الطيب,رجالي/نسائي,عطور,جذابة,شرقية,100 مل,,أو دو برفيوم,دافانا، البرجموت الإيطالي، الفلفل الوردي,العنبر الأبيض، إكليل الجبل الإفريقي,المسك، الجلود، نجيل الهند,,,,,
كارولينا هيريرا جود جيرل مجموعة هدايا (أو دو برفيوم 80 مل + معطر شعر 30 مل + لوشن للجسم 100 مل),645,كارولينا هيريرا,نسائي,مجموعة عطور,حسية,زهرية,,,أو دو برفيوم,اللوز، القهوة,ياسمين سمباك، مسك الروم,حبوب التونكا، الكاكاو، أخشاب الصندل، الفانيليا,,,,,
أول الطيب غمام أو دو برفيوم,189,أول الطيب,رجالي/نسائي,عطور,جذابة,شرقية,100 مل,,أو دو برفيوم,الكمثرى، البرجموت,مسك الروم، الياسمين، البرتقال,الباتشولي، الفانيليا، أمبروكسان,,,,,
كريستيان بروفينزانو روكا عطر إكستريت دو برفيوم,1358,كريستيان بروفينزانو,رجالي/نسائي,عطور,حيوية,فاكهية,100 مل,2023,إكستريت دو برفيوم,الماندرين، الزعفران، توت العليق,الفاونيا، الكراميل، زهور مايو,الفانيليا، المسك، الطحالب، العنبر,,,,,
باكو رابان 1 مليون إلكسير أو دو برفيوم,455,رابان,رجالي,عطور,جذابة,زهرية شرقية,50 مل,2022,أو دو برفيوم,دافانا، التفاح,أخشاب الأرز، الورد التركي، أوسمانثوس,الباتشولي، حبوب التونكا، الفانيليا المطلقة,,,,,
جان بول غوتييه غوتييه ديفاين لو برفيوم أو دو برفيوم إنتنس,795,جان بول غوتييه,نسائي,عطور,متألقة,زهرية,100 مل,2024,أو دو برفيوم انتنس,الملح,الفرانجيباني,البنزوين,,,,,
بربري هيرو أو دو برفيوم,437,بربري,رجالي,عطور,محبة للطبيعة,خشبية,50 مل,2022,أو دو برفيوم,اللبان، الصنوبر,البخور، البنزوين,الأرز الفرجيني، أرز هيمالايا، الأرز الأطلسي,,,,,
جفنشي لانتيردي روج جفنشي مجموعة هدايا (أو دو برفيوم 80 مل + لوشن للجسم 75 مل + أحمر شفاه),650,جفنشي,نسائي,مجموعة عطور,جذابة,شرقية,,2021,أو دو برفيوم,الماندرين، القرفة الصينية، الليتشي,الفريزيا، الورد، زهور الخوخ,الفانيليا، الباتشولي، المسك,,,,,
جنيد للعطور رزين أو دو برفيوم,150,جنيد للعطور,رجالي/نسائي,عطور,جذابة,شرقية,60 مل,,أو دو برفيوم,الحمضيات، البرجموت,أوسمانثوس، العنبر، أخشاب الأرز,الباتشولي، العود,,,,,
فيلهلم بارفيوميري لندن فانك أو دو برفيوم,975,فيلهلم بارفيوميري,رجالي/نسائي,عطور,محبة للطبيعة,خشبية,100 مل,2021,أو دو برفيوم,الصنوبر، الريحان، الهيل، البرجموت,براعم الكشمش الأسود، أخشاب دريفت,نجيل الهند، الرفيق، أخشاب الأرز، أخشاب العنبر، أخشاب الصندل,دانات الكحول، عطر، أكوا (ماء)، ألفا إيزوميثيل أيونون، كحول سيناميل، سيترال، سيترونيلول، يوجينول، جيرانيول، هيدروكسي سيترونيلال، ليمونين، لينالول.,,,,
هالوين مان أو دو تواليت مجموعة هدايا (أو دو تواليت 125 مل + أو دو تواليت 50 مل),325,هالوين,رجالي,مجموعة عطور,جذابة,شرقية,,2012,أو دو تواليت,الريحان، الماندرين، أوراق البنفسج، شراب مارتيني,زهور البرتقال، زهور الزنجبيل، اللافندر، القرفة,المسك، الجلود، العنبر، الفانيليا,,,,,
ماجوري جور 8 أو دو برفيوم,575,ماجوري,رجالي/نسائي,عطور,كلاسيكية,جلدية,75 مل,2019,أو دو برفيوم,الزعفران، التوت، الزعتر,الياسمين، اللبان,الجلود، الجلود المدبوغة، العنبر,الكحول المغير، العطر، الكحول البنزيلي، بنزوات البنزيل، سينامات البنزيل، الليمونين، لينالول.,,,,
أتيلير دي أورس فيلا بريمروز أو دو برفيوم,1079,أتيلير دي أورس,رجالي/نسائي,عطور,جذابة,"زهرية,جلدية",100 مل,2024,أو دو برفيوم,الهيل، الفلفل الوردي، الكمثرى,السوسن، الورد، مسك مالو,الجلود، العنبر، المسك,,,,,
ماجوري جور 11 أو دو برفيوم,575,ماجوري,رجالي/نسائي,عطور,كلاسيكية,جلدية,75 مل,2019,أو دو برفيوم,توت العرعر، الجريب فروت الصيني، الزعفران,البنفسج الأسود، الجلود,كشميران، نجيل الهند، التوت، الجلود,كحول مغير، عطر، ألفا إيزوميثيل أيونون، كحول بنزيل، سيترال، سيترونيلول، يوجينول، جيرانيول، هيدروكسي سيترونيلال، ليمونين، لينالول، ميثيل 2-أوكتينوات.,,,,
الماجد للعود برستيج روبي عطر للشعر,42,الماجد للعود,رجالي/نسائي,عطر للشعر,حسية,زهرية شرقية,30 مل,,,,,,العنبر، زهور البرتقال,,,,
فان كليف آند آربلز إكستراوردينير مجموعة هدايا 8 × 7.5 مل,690,فان كليف اند اربيلس,رجالي/نسائي,مجموعة عطور,,,,,أو دو برفيوم,,,,,,,,
ماجوري جور 5 أو دو برفيوم,575,ماجوري,نسائي,عطور,حسية,زهرية,75 مل,2019,أو دو برفيوم,,,,,,,,
ماجوري جور 9 أو دو برفيوم,575,ماجوري,رجالي/نسائي,عطور,محبة للطبيعة,خشبية,75 مل,2019,أو دو برفيوم,البرقوق، الماجنوليا، الفلفل الوردي,البنفسج، السوسن، الزعفران، أوسمانثوس,العود، البنزوين، اللابدانوم,الكحول المغير، العطر، بنزوات البنزيل، سينامات البنزيل، السيترال، السيترونيلول، جيرانيول، الليمونين، لينالول.,,,,
ماجوري سويت أمبريت أو دو برفيوم,440,ماجوري,رجالي/نسائي,عطور,حسية,زهرية,75 مل,2019,أو دو برفيوم,البرجموت,الكمثرى، زنبق الوادي,العنبر، بذور أمبريت,الكحول المغير، العطر، بنزيل الساليسيلات، سيترونيلول، فارنيسول، جيرانيول، ليمونين، لينالول.,,,,
هالوين مان أو دو تواليت مجموعة هدايا (أو دو تواليت 125 مل + أو دو تواليت 50 مل),325,هالوين,رجالي,مجموعة عطور,جذابة,شرقية,,2012,أو دو تواليت,الريحان، الماندرين، أوراق البنفسج، شراب مارتيني,زهور البرتقال، زهور الزنجبيل، اللافندر، القرفة,المسك، الجلود، العنبر، الفانيليا,,,,,
رسيس مومنتو أو جو برفيوم,115,رسيس,رجالي/نسائي,عطور,,,75 مل,,أو دو برفيوم,,,,,,,,
رامون بيجار دريم هاشمي إكستريت دو برفيوم,1511,رامون بيجار,رجالي/نسائي,عطور,محبة للطبيعة,"خشبية,خشبية",100 مل,2023,إكستريت دو برفيوم,نجيل الهند، الكركديه، الباتولا,التبغ، البنفسج، بلسم جرجان,الزباد، اللابدانوم، أخشاب الصندل، حبوب التونكا، إيلمي، بلسم بيرو,,,,,
جولييت هاز ايه غن موسكو ميول,599,جولييت هاز أقن,نسائي,عطور,ديناميكية,حمضية,100 مل,2017,أو دو برفيوم,الليمون، البرغموت,تفاح، زنجبيل، هيديون,مسك مالو، المسك الأبيض، العنبرود، مكونات خشبية,الليمون، البرغموت، تفاح، زنجبيل، هيديون، مسك مالو، المسك الأبيض، العنبرود، مكونات خشبية,,,,
كريستيان لوبوتان لوبيبرينس سنيك 2 أو دو برفيوم,1680,كريستيان لوبوتان,رجالي/نسائي,عطور,محبة للطبيعة,شرقية خشبية,90مل,2021,أو دو برفيوم انتنس,,,,"Musk, Sandalwood, Tonka Bean",,,,
بوهوبوكو ريد واين براون شوجر أو دو برفيوم,700,بوهوبوكو,رجالي/نسائي,عطور,حسية,زهرية,50 مل,2016,أو دو برفيوم,توت العليق، الفواكه المجففة، التوت الأحمر,الباتشولي، أخشاب الأرز، الخمر الأحمر,الكراميل، الجلود، السكر البني، المشروبات الكحولية,,,,,
لانكوم لا نوي تريزور لو بارفيوم,847,لانكوم,نسائي,عطور,حسية,زهرية,100 مل,2024,برفيوم مركز,الكشمش الأسود,زهور القرنفل,أوراق الباتشولي، الكاكاو,,,,,
رباني 1 ميليون مجموعة هدايا (أو دو تواليت 100 مل + مزيل عرق 150 مل + أو دو برفيوم  10 مل),505,رابان,رجالي,مجموعة عطور,جذابة,شرقية,,2008,أو دو تواليت,الماندرين الدموي، الجريب فروت، النعناع,القرفة، الورد، التوابل,العنبر، الجلود، الأخشاب، الباتشولي الهندي,,,,,
ديور جادور بارفام دي أو أو دو برفيوم,780,ديور,نسائي,عطور,حسية,زهرية,100 مل,2022,أو دو برفيوم,,,,الورد، الماغنوليا، النيرولي، النوتات الخضراء، صريمة الجدي ياسمين سمباك,,,,
سميل آند سمايل باشون زيت عطري - 980 مل,492,سميل أند سمايل,,زيت عطري,,,,,,,,,الكشمش الأسود، البرجموت، التفاح، الإجاص، الياسمين المغربي، الباتشولي، الورد، الموروكان، الطحلب، الفانيليا، المسك,,,,
سميل آند سمايل كينج جاسمين زيت عطري - 980 مل,492,سميل أند سمايل,,زيت عطري,,زهرية,,,,,,,نوتات خضراء، الأعشاب الخضراء الشتوية، الياسمين، مسك الروم، الموجيت، الإيلنغ، المسك، حبوب التونكا,,,,
سميل آند سمايل جاردينيا زيت عطري - 980 مل,492,سميل أند سمايل,,زيت عطري,,زهرية,,,,,,,النوتات الطازجة، الياسمين، الجاردينيا، الورد، زهر البرتقال، الاوسمانثوس، المسك، العنبر، الأرز,,,,
سميل آند سمايل عود ملكي زيت عطري - 980 مل,492,سميل أند سمايل,,زيت عطري,,شرقية خشبية,,,,,,,الجريب فروت، اللافندر، الشيح، التوابل الحارة، التبغ، الجلد، العنبر، العود، العود الأسود,,,,
سميل أند سمايل بليس فواحة أعواد - 250 مل,111,سميل أند سمايل,,موزع للرائحة,,حمضية,350 مل,,,,,,زهور البرتقال، الماندرين، الليمون، الياسمين، الإيلنغ، الجاردينيا، الباتشولي، العنبر، المسك,,,,
بارفيوم دو مارلي ديلينا إصدار محدود أو دو برفيوم,1548,بارفيوم دو مارلي,نسائي,عطور,حسية,زهرية,75 مل,2024,أو دو برفيوم,الراوند، البرجموت، الليتشي,الفاونيا، الفانيليا، زهور مايو,نجيل الهند، الكشمير، المسك,,,,,
جان بول جوتييه سكاندال مجموعة هدايا (أو دو برفيوم 80 مل + لوشن للجسم 75 مل),615,جان بول غوتييه,نسائي,مجموعة عطور,حسية,زهرية,,2017,أو دو برفيوم,الماندرين، برتقال الدم الزغلول,الخوخ، الياسمين، زهور البرتقال، الجاردينيا، العسل,عرق السوس، الباتشولي، الكراميل، شمع العسل,,,,,
أرماف كلوب دي نويت,161,أرماف,نسائي,عطور,حيوية,حمضية,100 مل,2015,أو دو برفيوم,البرغموت والجريب فروت والخوخ والبرتقال,ابرة الراعي والياسمين والليتشي والورد,المسك والبتشولي والفانيليا ونجيل الهند,البرغموت والجريب فروت والخوخ والبرتقال وابرة الراعي والياسمين والليتشي والورد والمسك والبتشولي والفانيليا ونجيل الهند,,,,
ديبتيك أو ريهلا أو دو برفيوم,1275,ديبتيك,رجالي/نسائي,عطور,كلاسيكية,جلدية,75 مل,2021,أو دو برفيوم,الفلفل الوردي، الزعفران، توت العليق,أخشاب الأرز، السوسن، الجلود,المسك، الفانيليا,,,,,
كارتير بايزر فولي برفيوم,630,كارتير,نسائي,عطور,عصرية,زهرية,100 مل,2022,برفيوم مركز,الحمضيات، الزنبق,الزنبق,الأعشاب الخضراء، الزنبق الأخضر,,,,,
ليكويد اماجينيرز دوم روزا ميليسيم أو دو برفيوم,1200,ليكويد اماجينيرز,رجالي/نسائي,عطور,محبة للطبيعة,خشبية,100 مل,2023,أو دو برفيوم,الكمثرى، الجريب فروت، الشمبانيا,القرنفل، اللبان، الورد الدمشقي,أخشاب الغاياك، نجيل الهند، أخشاب الأرز، الأخشاب.,,,,,
ايلي صعب لا برفيوم لومير أو دو برفيوم,680,ايلي صعب,نسائي,عطور,حسية,زهرية,90مل,2021,أو دو برفيوم,البرتقال، الإيلنغ، زهور البرتقال,الجاردينيا، مسك الروم، ياسمين سمباك,العنبر، الأخشاب، المسك، الباتشولي,,,,,
سميل آند سمايل عود آند وود زيت عطري - 980 مل,492,سميل أند سمايل,,زيت عطري,,خشبية,,,,,,,فلفل سيشوان، الورد، الهال، أخشاب الصندل، العود، نجيل الهند، الفانيليا، العنبر، فول التونكا,,,,
سكالبيرز بوكسينج كلوب مجموعة هدايا (أو دو برفيوم 125 مل + حقيبة),403,سكالبيرز,رجالي,مجموعة عطور,جذابة,شرقية,,2022,أو دو برفيوم,الفلفل الأبيض، البرجموت، الهيل,الراوند، أوراق البنفسج، السوسن,أخشاب الكشمير، نجيل الهند، حبوب التونكا,,,,,
سميل أند سمايل فيري كلين زيت عطري - 100 مل,85,سميل أند سمايل,,زيت عطري للمنزل,,أروماتيك,100 مل,,,,,,البرجموت، البرتقال، اللايم، اللافندر، الورد، الباتشولي، أخشاب الصندل، الفانيليا، العنبر.,,,,
فلايم موزع للروائح ومرطب للجو,59,موزع للرائحة إلكتروني,,موزع للرائحة إلكتروني,,,,,,,,,,,,,
توس بيبي توس مجموعة هدايا (أو دو كولون 100 مل + حليب للجسم 250 +  حقيبة),265,توس,أطفال,مجموعة عطور,حيوية,فاكهية,,,أو دو كولون,البرجموت، الماندرين، النيرولي,الورد، التفاح، زهور البرتقال، الكمثرى,أخشاب الأرز، الحبوب الدقيقة، المسك,,,,,
ديور ميس ديور بلومينج بوكيت أو دو تواليت,485,ديور,نسائي,عطور,حيوية,فاكهية,50 مل,,أو دو تواليت,الماندرين الصقيلي,زهور الفاونيا، الخوخ، المشمش، الورد الدمشقي,المسك الأبيض,,,,,
جفينشي جنتل مان سوسيتي بخاخ مزيل للعرق - 150 مل,196,جفنشي,رجالي,مزيل عرق,,,150 مل,,,,,,,الجسم,سائل,جميع أنواع البشرة,
روبرتو كافالي جولد سبلينديد فانيلا أو دو برفيوم,1350,روبرتو كافالي,رجالي/نسائي,عطور,حسية,زهرية ناعمة,100 مل,,أو دو برفيوم,الفلفل الأسود، الورد,الماجنوليا، زيت سيبريول,أخشاب الأرز، الباتشولي، الفانيليا,,,,,
أيفون إنكانديسينس لوتس أو دو برفيوم,105,أيفون,نسائي,عطور,عصرية,زهرية,50 مل,2019,أو دو برفيوم,اللبلاب، التوت الأسود، السفرجل,زنبق الزنجبيل الأبيض، الفاونيا، اللوتس,الفانيليا، الأخشاب، البنفسج، المسك,,,,,
قوتشي ذا هارت أوف ليو أو دو برفيوم,1585,قوتشي,رجالي/نسائي,عطور,جذابة,شرقية,100 مل,2024,أو دو برفيوم,الكشمش الأسود,اللبان,المر,,,,,
كوتش جرين مجموعة هدايا (أو دو تواليت 100 مل + أو دو تواليت 15 مل + جل استحمام 100 مل),499,كوتش,رجالي,مجموعة عطور,محبة للطبيعة,خضراء,,2023,أو دو تواليت,البرجموت، الكيوي,إبرة الراعي، إكليل الجبل,الطحالب، أخشاب الأرز,,,,,
إستي لودر بليجرز ديلوكس تريو مجموعة هدايا (أو دو برفيوم 100 مل + أو دو برفيوم 30 مل + أو دو برفيوم 4 مل),635,إستي لودر,نسائي,مجموعة عطور,حسية,زهرية,50 مل,1995,,,,,الفريزيا، الفلفل الوردي، البنفسج، أوراق البنفسج، مسك الروم، التوت الأحمر، زنبق الوادي، الفاونيا، الليلك، الزنبق، الياسمين، المسك، الأرز، أخشاب الصندل، الباتشولي,,,,
أريون نيرولي موزع للرائحة - 50 مل,23,أريون,,موزع للرائحة,,زهرية,50 مل,,,,,,اليوسفي، الخوخ، البرجموت، زهور البرتقال، النيرولي، الأوركيد، الباتشولي، العنبر، المسك,,,,
أتيلير دي أورس بلو مادلين أو دو برفيوم,1079,أتيلير دي أورس,رجالي/نسائي,عطور,محبة للطبيعة,أروماتيك,100 مل,2024,أو دو برفيوم,الفلفل الوردي، البرجموت، القرفة,الورد، الحليب، الشاي الأسود,بلسم بيرو، حلوى البرالين، زيت الكاد، أخشاب الصندل,,,,,
ماجوري شارمينج تبروز أو دو برفيوم,440,ماجوري,نسائي,عطور,حسية,زهرية,75 مل,2019,أو دو برفيوم,جوز الهند، القرفة,مسك الروم، الياسمين، الجاردينيا,الفانيليا، نجيل الهند,كحول مغير، عطر، ساليسيلات البنزيل، سينامال الأميل، كحول أميل سيناميل، بنزوات البنزيل، الكومارين، الأوجينول، هيكسيل سينامال، هيدروكسي سيترونيلال، أيزويوجينول، لينالول.,,,,
روزيندو ماتيو نو 8 أو دو برفيوم,910,روزندو ماتيو,رجالي/نسائي,عطور,محبة للطبيعة,خشبية,100 مل,2024,أو دو برفيوم,الكمثرى، الحمضيات، الأناناس، التفاح,السوسن، الباتشولي، الورد البلغاري، القرفة، العنبر,نجيل الهند، أخشاب الغاياك، الأرز، الفانيليا,,,,,
ديور جادور رولر بيرل أو دو برفيوم - 20 مل,275,ديور,نسائي,عطور,حسية,زهرية,20 مل,2019,أو دو برفيوم,,,,زهور البرتقال، مسك الورم، الورد الدمشقي، الإيلنغ، الياسمين، ياسمين سمباك,,,,
ديور جادور مجموعة هدايا - (أو دو برفيوم 100 مل + أو دو برفيوم 10 مل),830,ديور,نسائي,مجموعة عطور,حسية,زهرية,,1999,أو دو برفيوم,البرجموت، المانردين، الماجنوليا، الخوخ، الشمام، الكمثرى,البنفسج، البرقوق، الأوركيد، الورد، الفريزيا، مسك الروم، ونبق الوادي، الياسمين,أخشاب الأرز، التوت الأسود، الفانيليا، المسك,,,,,
لويس فيتون نوفو موند أو دو برفيوم,1999,لويس فيتون,رجالي,عطور,محبة للطبيعة,خشبية,100 مل,2018,أو دو برفيوم,الباتشولي، الكشمش الأسود، أخشاب العنبر، اللبان، الفانيليا، الكراميل، الورد، الزعفران، الكاكاو، الجلود، العود,,,الكحول، عطر، أكوا (ماء)، بنزيل ساليسيلات، هيكسيل سينامال، إيثيل هكسيل ميثوكسيسينامات، هيدروكسي سيترونيلال، ديثيلامينو هيدروكسي بينزويل هيكسيل بنزوات، سيترونيلول، جيرانيول، بي إتش تي، بوتيل ميثوكسيديبينزويل ميثان الكحول.,,,,
سميل أند سمايل كمفورتينج إعادة تعبئة فواحة أعواد - 250 مل,71,سميل أند سمايل,,موزع للرائحة لإعادة التعبئة,,زهرية شرقية,250 مل,,,,,,الخوخ، زهور البرتقال، مسك الروم، الياسمين، الورد، المسك، العنبر، الأخشاب، الباتشولي، أخشاب الصندل,,,,
جولييت هاز أقن ماجنوليا بليس أو دو برفيوم,670,جولييت هاز أقن,رجالي/نسائي,عطور,حسية,زهرية,100 مل,2022,أو دو برفيوم,الزنجبيل، الحبوب الدقيقة، البرجموت، الليمون,البرقوق الأخضر، الفاونيا، الفريزيا، الماجنوليا، النكتارين,حبوب التونكا، الفانيليا، امبروكسان، المسك,,,,,
انيشيو عود فور جريتنس نيو أو دو برفيوم,1715,انيشيو,رجالي/نسائي,عطور,جذابة,شرقية,90مل,2024,أو دو برفيوم,,,,البرجموت، العود، اللافندر، بلسم التنوب، الزعفران,,,,
رباني 1 ميليون عود مجموعة هدايا (أو دو تواليت 100 مل + مزيل عرق 150 مل + أو دو برفيوم  10 مل),605,رابان,رجالي,مجموعة عطور,محبة للطبيعة,خشبية,,2023,أو دو تواليت,البرجموت، الفلفل الأسود، جوزة الطيب، الزعفران,أخشاب الصندل، بلسم جرجان، الباتشولي,اللابدانوم، أخشاب الأرز، العود، الجلود,,,,,
لويس فيتون باسيفيك شيل أو دو برفيوم,1999,لويس فيتون,رجالي/نسائي,عطور,حيوية,فاكهية,100 مل,,أو دو برفيوم,الكسبرة، الكشمش الأسود، الليمون، النعناع، سيترون، البرتقال,زهور مايو، بذور الجزر، الريحان، المشمش,التمر، التين، مسك ماللو,كحول، عطر، ليمونين، أكوا (ماء)، لينالول، سيترال، بوتيل ميثوكسيديبنزويل ميثان، جيرانيول، سيترونيلول، فارنسول.,,,,
أمواج سيرش أو دو برفيوم,1342,أمواج,رجالي/نسائي,عطور,ديناميكية,حمضية,100 مل,2023,أو دو برفيوم,المانردين، الليمون، الجير,الفلفل الأسود، إيلمي، اللبان,أخشاب الغاياك، نجيل الهند، زيت الكاد,,,,,
ماجوري سيلكي ساندل وود أو دو برفيوم,440,ماجوري,رجالي/نسائي,عطور,محبة للطبيعة,خشبية,75 مل,2019,أو دو برفيوم,الفلفل الوردي، البخور,أخشاب الصندل، أخشاب الأرز,المر، العنبر,الكحول المغير، العطر، ألفا إيزوميثيل أيونون، الليمونين، لينالول.,,,,
ماجوري وان أوف أ كايند أو دو برفيوم,365,ماجوري,رجالي,عطور,محبة للطبيعة,خشبية,75 مل,2019,أو دو برفيوم,التوابل، الحبوب الدقيقة، اللافندر,الزنجبيل، البنفسج، المريمية,نبتة القريضة، أخشاب الصندل، نجيل الهند,الكحول المغير، العطر، لينالول، كحول البنزيل، ساليسيلات البنزيل، السيترال، السيترونيلول، الكومارين، جيرانيول، هيدروكسي سيترونيلال، الليمونين، ميثيل 2-أوكتينوات.,,,,
بولغاري مان تيرا إسينس أو دو برفيوم,479,بولغاري,رجالي,عطور,محبة للطبيعة,خشبية,100 مل,2021,أو دو برفيوم,كالامانسي، السيترون,جذور السوسن، نجيل الهند,ستيراكس، نوتات ترابية,,,,,
كوتش نيويورك مجموعة هدايا (أو دو تواليت 100 مل + أو دو تواليت 15 مل + جل استحمام 100 مل),399,كوتش,رجالي,مجموعة عطور,محبة للطبيعة,خشبية,,2017,أو دو تواليت,الجريب فروت، اللافندر، البرجموت، الكمكوات، الكمثرى,الكسبرة، إبرة الراعي، الهيل,نجيل الهند، اخشاب العنبر، السويدي، العنبر,,,,,
ماجوري ذا وان آند أونلي أو دو برفيوم,365,ماجوري,رجالي,عطور,محبة للطبيعة,خشبية,75 مل,2019,أو دو برفيوم,الليمون، اليوسفي، البرجموت,إكليل الجبل، زنبق الوادي، جوزة الطيب,أخشاب الأرز، المسك، الفانيليا,الكحول المغير، العطر، السيترال، السيترونيلول، الكومارين، جيرانيول، هيدروكسي سيترونيلال، أيزويوجينول، ليمونين، لينالول.,,,,
ناسوماتو سادوناسو إكستريت دو برفيوم,765,ناسماتو,رجالي/نسائي,عطور,محبة للطبيعة,خشبية,30 مل,2023,إكستريت دو برفيوم,القهوة,المسك، أخشاب الصندل، التبغ,العنبر، نوتات حيوانية، حبوب التونكا، الفانيليا,,,,,
سوسبيرو ترافياتا أو دو برفيوم,1402,سوسبيرو,رجالي/نسائي,عطور,جذابة,زهرية شرقية,100 مل,2024,أو دو برفيوم,الحمضيات، الأعشاب الخضراء، اللافندر,الفواكه، الأزهار، التوابل,الباتشولي، اخشاب الأرز، أخشاب العنبر,,,,,
ايلي صعب جيرل أوف ناو لافلي أو دو برفيوم,470,ايلي صعب,نسائي,عطور,حسية,زهرية,50 مل,2022,أو دو برفيوم,زهور الكشمش الأسود، الجلبانوم، إكليل الجبل، الماندرين، الكمثرى، النعناع,الورد، اليانسون، فرانجيباني، زهور البرتقال، اللوز,أمبروكسان، العنبر، الباتشولي، حبوب التونكا,,,,,
تيري موغلر أنجل فانتاسم أو دو برفيوم,699,تيري موغلر,نسائي,عطور,حسية,زهرية,100 مل,2024,أو دو برفيوم,البرجموت، الأناناس,زهور تياري، جوز الهند,العنبر، بربون الفانيليا، الباتشولي,,,,,
كلفين كلاين إيفوريا لوشن بعد الحلاقة - 100 مل,215,كالفن كلاين,رجالي,لوشن ما بعد الحلاقة,,,100 مل,,,,,,,الوجه,لوشن,جميع أنواع البشرة,
كار أروما مجموعة موزع الروائح وزيوت عطرية - أسود - 5x6 مل,129,مجموعات حصرية,,موزع للرائحة إلكتروني,,,,,,,,,,,,,
ماجوري سيدتي أو دو برفيوم,365,ماجوري,نسائي,عطور,حسية,زهرية,75 مل,2019,أو دو برفيوم,البرجموت، الورد، زهور البرتقال,المسك، الياسمين، العنبر,الباتشولي، نجيل الهند، الفانيليا,الكحول المغير، العطر، ساليسيلات البنزيل، كحول البنزيل، بنزوات البنزيل، سينامال، كحول سيناميل، سيترال، جيرانيول، هيكسيل سينامال، هيدروكسي سيترونيلال، ليمونين، لينالول.,,,,
اف سان لوران إكسكويزت إمبروديري أو دو برفيوم,1340,اف سان لوران,رجالي/نسائي,عطور,جذابة,زهرية شرقية,125 مل,2017,أو دو برفيوم,الزنجبيل، جوزة الطيب,الباتشولي، الورد,المسك، العود، العنبر,,,,,
رامون مونيجال إنفيزيبل بوت كول ماء عطر,570,رامون مونيجال,رجالي/نسائي,عطور,ديناميكية,حمضية,100 مل,2022,أو دو برفيوم,الكسبرة، البرتقال الحلو، البرجموت,الياسمين، البنفسج، النيرولي,طحلب السنديان، أخشاب الصندل، الرفيق,,,,,
روبرتو كافالي سيجنتشر سويت فيروسيوس أو دو برفيوم,529,روبرتو كافالي,نسائي,عطور,محبة للطبيعة,شرقية خشبية,75 مل,2024,أو دو برفيوم,الجريب فروت الأخضر، الزعفران، قشر البرتقال، إيلمي,الفانيليا، العنبر، حبوب التونكا، العود,أخشاب الصندل، أخشاب الغاياك، سيبريول,,,,,
لا بونير بيو دي نوي انتينس أو دو برفيوم,90,لا بونير,رجالي,عطور,حسية,زهرية,105 مل,,أو دو برفيوم,البرجموت الإيطالي زيت البرتقال من فلوريدا، زيت الليمون، الفلفل الوردي، التفاح، الأناناس,اللافندر، الفريزيا، الياسمين، الورد,الباتشولي الأندونيسي,,,,,
زيرجوف كاساموراتي 1888 اتاليكا أو دو برفيوم,1560,زيرجوف,رجالي/نسائي,عطور,محبة للطبيعة,خشبية,100 مل,2016,أو دو برفيوم,الزعفران، اللبن، اللوز,الفانيليا، التوفي,المسك، الأرز، أخشاب الصندل,,,,,
شانيل نو 1  دو شانيل لا أو روج عطر للجسم - 100 مل,901,شانيل,نسائي,بخاخ للجسم,ديناميكية,حمضية,100 مل,,,الحمضيات، التوت الأحمر,زهور البرتقال، الياسمين، الورد,السوسن، المسك,,,,,
رابان إنفيكتوس فيكتوري مجموعة هدايا (أو دو برفيوم 100 مل + مزيل عرق 150 مل + أو دو برفيوم 10 مل ),555,رابان,رجالي,مجموعة عطور,جذابة,شرقية,,2021,أو دو برفيوم,الفلفل الوردي، الليمون,اللافندر، اللبان,العنبر، حبوب التونكا، الفانيليا,,,,,
ماجوري بلو ديزيرت أو دو برفيوم,365,ماجوري,رجالي,عطور,محبة للطبيعة,خشبية,75 مل,2019,أو دو برفيوم,البرجموت، اليوسفي، الأناناس,السوسن، النيرولي، السرو,أخشاب الغاياك، أخشاب الصندل، سيستوس,كحول مغير، عطر، ليمونين، ألفا إيزوميثيل أيونون، كحول بنزيل، سيترال، سيترونيلول، جيرانيول، لينالول، ميثيل 2-أوكتينوات.,,,,
أريون فانيلا موزع للرائحة - 50 مل,23,أريون,,موزع للرائحة,,شرقية,50 مل,,,,,,الفواكه، الفراولة، الأناناس، نوتات جورماند، الفانيليا، الكراميل، المسك، البودرة,,,,
جولييت هاز أقن أودي تو دولنيس أو دو برفيوم,705,جولييت هاز أقن,رجالي/نسائي,عطور,محبة للطبيعة,خشبية,100 مل,2023,أو دو برفيوم,,,,حبوب التونكا، اليانسون النجمي، أخشاب الصندل، أخشاب الكشمير.,,,,
شانيل ألور هوم سبورت رذاذ للجسم - 100 مل,498,شانيل,رجالي,بخاخ للجسم,محبة للطبيعة,"خشبية,خشبية",100 مل,,,الماندرين الدموي، الألدهيدات، رذاذ البحر، البرتقال,أخشاب الأرز، النيرولي، الفلفل,راتنجات إليمي، نجيل الهند، العنبر، المسك الأبيض، حبوب التونكا، الفانيليا,,,,,
ماجوري سيكريت لوف أو دو برفيوم,365,ماجوري,نسائي,عطور,حسية,زهرية,75 مل,2019,أو دو برفيوم,زهور اليوسفي، التوت الأسود، الكيوي,الأوركيد، الفريزيا,أخشاب الصندل,كحول مغير، عطر، ماء، إيثيل هكسيل ميثوكسيسينامات، إيثيل هكسيل ساليسيلات، بوتيل ميثوكسيديبنزويل ميثان، سيترال، هيدروكسي سيترونيلال، ليمونين، لينالول.,,,,
نيكولاي بودري دي مسك إنتينس معطر شعر,365,نيكولاي,نسائي,عطر للشعر,حسية,زهرية,50 مل,,,الماندرين، الحبوب الدقيقة، توت العليق,الألدهيدات، زهور البرتقال، الزعرور، القرنفل الوردي، الورد,أخشاب الصندل، المسك، العنبر,,,,,
بوشرون كواتر أيكونيك مجموعة هدايا (أو دو برفيوم 100 مل + لوشن للجسم 100 مل + جل استحمام 100 مل),422,بوشرون,نسائي,مجموعة عطور,جذابة,زهرية شرقية,,2022,أو دو برفيوم,الماندرين، الفلفل الوردي، الزنجبيل,الكشمش الأسود، بلسم بيرو، مسك الروم,نجيل الهند، الباتشولي، العنبر,,,,,
جيرلان باتشولي باريس أو دو برفيوم,2046,جيرلان,رجالي/نسائي,عطور,محبة للطبيعة,خشبية,100 مل,2024,أو دو برفيوم,الألدهيدات,السوسن,الفانيليا، العنبر، الباتشولي,,,,,
بوهوبوكو إتيرنال ليلي عنبر برفيوم,700,بوهوبوكو,رجالي/نسائي,عطور,حسية,زهرية,50 مل,2022,برفيوم مركز,الماندرين الصقيلي، تفاح سميث,الياسمين، الورد التركي، الزنبق,فانيليا مدغشقر، الباتشولي، العنبر,,,,,
أريون بلاك كريستال موزع للرائحة - 50 مل,23,أريون,,موزع للرائحة,,حمضية,50 مل,,,,,,الشمام، أوكالبتيوس، لافندين، أخشاب الأرز، الباتشولي، الصنوبر، الطحالب، الجلود، أخشاب الصندل.,,,,
بيلي آيلش إيليش نو 2 مجموعة هدايا (أو دو برفيوم 100 مل + أو دو برفيوم 10 مل),498,بيلي آيلش,نسائي,مجموعة عطور,محبة للطبيعة,خشبية,,2022,أو دو برفيوم,زهور التفاح، البرجموت,شقائق النعمان، أوراق الباردي، الفلفل الأسود,الفانيليا، بالو سانتو، أخشاب الأبانوس,,,,,
لويس فيتون أو هاسارد أو دو برفيوم,1999,لويس فيتون,رجالي/نسائي,عطور,محبة للطبيعة,"خشبية,خشبية",100 مل,2018,أو دو برفيوم,الليمون، الألدهيدات، البرجموت,الفريزيا، النوتات الخضراء، النيرولي، الهيل، الكمثرى,مسك ماللو، كشميران، أخشاب الصندل، المسك، الجلود,,,,,
شانيل لي أو دو شانيل لو فوياج مجموعة هدايا (دوفيل أو دو تواليت 50 مل + فينيس أو دو تواليت 50 مل + بيارتز أو دو تواليت 50 مل),1725,شانيل,رجالي/نسائي,مجموعة عطور,,,,,أو دو تواليت,,,,,,,,
لويس فيتون سبيل أون يو أو دو برفيوم,2999,لويس فيتون,رجالي/نسائي,عطور,حسية,زهرية,200 مل,2021,أو دو برفيوم,الأوراق الخضراء، سوسن توسكان، البنفسج,الياسمين الصيني، سوسن توسكان، الورد,المسك الأبيض، أكاسيا، الخوخ,كحول، عطر، أكوا (ماء)، بنزيل ساليسيلات، لينالول، هيدروكسي سيترونيلال، سيترونيلول، ألفا إيزوميثيل أيونون، بنزيل ميثوكسيديبنزويل ميثان، يوجينول، بنتاريريتيلي تترا دي تي بيوتيل هيدروكسي هيدروسينامات.,,,,
ماجوري جولد نوير أو دو برفيوم,365,ماجوري,رجالي/نسائي,عطور,جذابة,شرقية,75 مل,2019,أو دو برفيوم,حجر الدم، القرفة، الأخشاب البيضاء,العنبر، البرقوق، الجلود,حبوب التونكا، الفانيليا، الباتشولي,الكحول المغير، العطر، كحول البنزيل، بنزوات البنزيل، سينامات البنزيل، سينامال، كحول سيناميل، الكومارين، الأوجينول، هيدروكسي سيترونيلال، أيزويوجينول، لينالول.,,,,
سميل أند سمايل كمفورتينج فواحة أعواد - 250 مل,89,سميل أند سمايل,,موزع للرائحة,,زهرية شرقية,250 مل,,,,,,الخوخ، زهور البرتقال، مسك الروم، الياسمين، الورد، المسك، العنبر، الأخشاب، الباتشولي، أخشاب الصندل,,,,
لا بونير قمرة برفيوم,90,لا بونير,نسائي,عطور,جذابة,شرقية,100 مل,,برفيوم مركز,"Bergamot, Cinnamon",Caramel,"Vanilla, Amber",,,,,
أروما فانيلا جم شمعة معطرة - 140 جرام,40,أروما,,شمعة,,فاكهية,,,,,,,الفواكه، البرتقال، الباتشولي، الإيلنغ، المسك، الفانيليا,,,,
جورجيو ارماني ارماني كود بارفيوم,469,جورجيو ارماني,رجالي,عطور,كلاسيكية,خشبية,75 مل,2022,برفيوم مركز,أوراق البرجموت، البرجموت,الألدهيدات، المريمية، جذور السوسن، السوسن,أخشاب الأرز، حبوب التونكا,,,,,
ديور لاكي أو دو برفيوم,1950,ديور,رجالي/نسائي,عطور,حسية,زهرية ناعمة,250 مل,2018,أو دو برفيوم,,,,الأوزون، الزهور البيضاء، زنبق الوادي,,,,
ماجوري 1982 أو دو برفيوم,365,ماجوري,رجالي/نسائي,عطور,محبة للطبيعة,خشبية,75 مل,2019,أو دو برفيوم,اليوسفي الأصفر، الفلفل الأسود، الليمون,القرنفل، الزنجبيل، الإيلنغ، السوسن,المسك، نجيل الهند، أخشاب الأرز,الكحول المغير، العطر، ألفا إيزوميثيل أيونون، بنزوات البنزيل، ساليسيلات البنزيل، السيترال، الكومارين، الأوجينول، جيرانيول، الليمونين، لينالول.,,,,
بربري هيرو مجموعة هدايا (أو دو تواليت 100 مل + أو دو تواليت 10 مل + غسول للشعر والجسم 75 مل),633,بربري,رجالي,مجموعة عطور,محبة للطبيعة,خشبية,,2021,أو دو تواليت,البرجموت,الفلفل الأسود، العرعر,أرز هيمالايا، الأرز الفرجيني، الأرز الأطلسي,,,,,
إستي لودر برونز جوديس نوي أو دو برفيوم,430,إستي لودر,نسائي,عطور,محبة للطبيعة,خشبية,50 مل,2022,أو دو برفيوم,البرجموت، الفلفل، الإيلنغ,ياسمين سمباك، زهور الأوركيد، الملح، جوز الهند,أمبروكسان، أخشاب الكشمير، حبوب التونكا,,,,,
كوتش دريمز مون لايت أو دو برفيوم,385,كوتش,نسائي,عطور,حسية,زهرية شرقية,90مل,2024,أو دو برفيوم,البرجموت,الورد، الياسمين,الباتشولي، حبوب التونكا,,,,,
سوسبيرو ماراشينو أو دو برفيوم,1402,سوسبيرو,رجالي/نسائي,عطور,حيوية,فاكهية,100 مل,2024,أو دو برفيوم,اللوز، التفاح الأخضر، الخوخ، الفراولة، الكرز,الورد، جذور السوسن، الميموزا، حجر الدم، ياسمين سمباك,الباتشولي، العنبر، حبوب التونكا، نجيل الهند، الفانيليا، المسك,,,,,
رامون مونيجال فلامنكو معطر شعر,419,رامون مونيجال,رجالي/نسائي,عطر للشعر,جذابة,شرقية,50 مل,2024,أو دو برفيوم,الورد، الزعفران، توت العليق,زهور البرتقال، الياسمين، أخشاب الأرز، السوسن,المسك، العود، العنبر، الجلود,,,,,
زيرجوف تورينو أو دو برفيوم,1438,زيرجوف,رجالي/نسائي,عطور,محبة للطبيعة,خشبية,50 مل,2022,أو دو برفيوم,البرجموت، الزعفران، أوكالبتيوس,أخشاب الغاياك، المرمية، المتة,المسك، الأخشاب الجافة,,,,,
كريستيان ديور ديور أوم بلسم بعد الحلاقة - 100 مل,330,ديور,رجالي,مرطب ما بعد الحلاقة,,,100 مل,,,,,,,الوجه,مرهم,جميع أنواع البشرة,
مينيز ميموريز أوف وينتر إسطنبول أو دو برفيوم - 30 مل,59,مينيز,نسائي,عطور,جذابة,زهرية شرقية,30 مل,2024,أو دو برفيوم,الليتشي، التوت، الكمثرى,الورد، الفاوانيا، الياسمين,الباتشولي، الجاوي، العبهر,الليتشي، التوت، الكمثرى، الورد، الفاوانيا، الياسمين، الباتشولي، الجاوي، العبهر,,,,
أتيلير دي أورس لون فلين بتركيز 30% أو دو برفيوم - إصدار خاص,1619,أتيلير دي أورس,رجالي/نسائي,عطور,جذابة,شرقية,100 مل,2015,أو دو برفيوم,الفلفل الوردي، القرفة، الهيل,الأوراق الخضراء، الأرز، ستيراكس، العنبر، الأخشاب البحرية,المسك، بلسم بيرو، الفانيليا,,,,,
أمواج لينياجي أو دو برفيوم,1342,أمواج,رجالي/نسائي,عطور,جذابة,شرقية,100 مل,2023,أو دو برفيوم,الزعفران، الفلفل البيروفي، فلفل سيشوان، الزنجبيل,الحلبة، المر، اللبان,الباتشولي، نجيل الهند، البنزوين، اللابدانوم، المر، اللبان,,,,,
اف سان لوران وايلد ليذر أو دو برفيوم,1392,اف سان لوران,رجالي/نسائي,عطور,كلاسيكية,جلدية,125 مل,2021,أو دو برفيوم,,,,زهور البرتقال، البرجموت، الزعتر، اللافندر، الفلفل الأسود، الباتشولي، أخشاب الغاياك، الزعفران، بربون الفانيليا، عرق السوس، الجلود، السويدي,,,,
روبرتو كافالي جولد سوبلايم تونكا أو دو برفيوم,1350,روبرتو كافالي,رجالي/نسائي,عطور,جذابة,شرقية,100 مل,,أو دو برفيوم,القرفة، إليمي، إبرة الراعي,المريمية، التبغ، العلكة,حبوب التونكا، البلسم الكوبي، نخالة القمح,,,,,
ماجوري سيجنتشر أو دو برفيوم,365,ماجوري,رجالي,عطور,جذابة,شرقية,75 مل,2019,أو دو برفيوم,الفلفل الأسود، التوت الوردي، الشيح,المر، البخور، الزنجبيل,نجيل الهند، الفانيليا، المسك الأبيض,الكحول المغير، العطر، جيرانيول، إيزويوجينول، ليمونين، لينالول.,,,,
روبرتو كافالي جولد فيلور سافرون أو دو برفيوم,1350,روبرتو كافالي,رجالي/نسائي,عطور,كلاسيكية,جلدية,100 مل,2021,أو دو برفيوم,الفلفل الأسود، الزعفران,الجلود، أخشاب العود، المخمل,المر، الأخشاب,,,,,
أيفون فار أواي جلامور أو دو برفيوم,105,أيفون,نسائي,عطور,حيوية,زهرية ناعمة,50 مل,2019,أو دو برفيوم,الفلفل الوردي، الجريب فروت، الكشمش الأسود,زهور البرتقال، جذور السوسن، فانيليا مدغشقر,المسك الأسود، الباتشولي,,,,,
ليكويد اماجينيرز ليكويد جولد أو دو برفيوم,1200,ليكويد اماجينيرز,رجالي/نسائي,عطور,حسية,زهرية شرقية,100 مل,2022,أو دو برفيوم,الماندرين البرتقالي، الزعفران,الياسمين، الكسبرة، بذور الجزر، النوتات الشمسية، زهور البرتقال,الباتشولي، الأخشاب، اللابدانوم، المسك الأبيض، الفانيليا، أمبروكسان,,,,,
كار أروما مجموعة موزع الروائح وزيوت عطرية - أبيض - 5x6 مل,129,مجموعات حصرية,,موزع للرائحة إلكتروني,,,,,,,,,,,,,
بي دي كيه 312 سانت أونر أو دو برفيوم,893,بي دي كيه,رجالي/نسائي,عطور,حسية,زهرية شرقية,100 مل,2024,أو دو برفيوم,جذور حشيشة الملاك، الفلفل الوردي,حبوب التونكا، زهور البرتقال، الفلفل الوردي,العود التايلاندي، أمبروستار، أمبروكسان، المسك الأبيض,,,,,
لا بونير فرصة برفيوم,108,لا بونير,رجالي/نسائي,عطور,حسية,زهرية,100 مل,,برفيوم مركز,"Fruits, Peaches","Jasmine, Lily Of The Valley, Patchouli","Caramel, Leather, Musk, Raspberry, Vanilla",,,,,
مينيز ميموريز أوف وينتر لندن أو دو برفيوم - 30 مل,59,مينيز,نسائي,عطور,حسية,زهرية,30 مل,2024,أو دو برفيوم,الزبيب الأسود,الورد، الفريزيا,الباتشولي، الفانيليا، الأخشاب,الزبيب الأسود، الورد، الفريزيا، الباتشولي، الفانيليا، الأخشاب,,,,
أريون صني هوم موزع للرائحة - 50 مل,23,أريون,,موزع للرائحة,,شرقية,50 مل,,,,,,الحمضيات، الأعشاب، رذاذ الماء، نوتات طازجة، الشيكولاتة، الفانيليا، المسك، الأخشاب,,,,
